TR_ID	GENE_ID	brain_s7_1	heart_s7_1	kidney_s7_1	liver_s7_1	lung_s7_1	muscle_s7_1
NM_130786.4	A1BG	0.23	0.36	0.15	6.99	0.26	0.08
NM_001198818.2	A1CF	0.00	0.00	0.26	1.05	0.00	0.00
NM_001198819.2	A1CF	0.00	0.00	0.00	0.80	0.00	0.00
NM_001198820.2	A1CF	0.00	0.00	0.00	0.34	0.00	0.00
NM_001370130.1	A1CF	0.00	0.06	1.88	4.05	0.00	0.01
NM_001370131.1	A1CF	0.00	0.00	0.39	3.03	0.00	0.00
NM_014576.4	A1CF	0.00	0.00	0.73	2.09	0.00	0.01
NM_138932.3	A1CF	0.00	0.00	0.10	1.32	0.00	0.00
NM_138933.3	A1CF	0.00	0.00	0.12	0.98	0.00	0.00
NM_000014.6	A2M	4.10	7.94	5.50	7.30	8.62	4.82
NM_001347423.2	A2M	0.00	0.00	0.00	0.00	0.04	0.00
NM_001347424.2	A2M	0.00	0.00	0.00	0.00	0.00	0.00
NM_001347425.2	A2M	0.00	0.60	0.06	0.30	1.04	0.00
NR_026971.1	A2M-AS1	0.33	1.99	0.21	0.06	0.32	0.25
NR_137424.1	A2M-AS1	0.00	0.00	0.00	0.00	0.00	0.00
NR_137425.1	A2M-AS1	0.00	0.00	0.00	0.00	0.00	0.00
